名称,面积(㎡),小区,总价(万),单价(元/㎡)
精装修交付 回龙观高端改善盘 核心C位 三轨交汇 配套完善,142.89,紫金书院,935.0,65434.0
北五环外昌平霍营 紫金书院! 靓妆交房 人大fu中,110.39,紫金书院,680.0,61599.0
霍营南里三居室 园区中心 南北通透 4层 商,85.4,华龙苑南里,320.0,37470.0
旗胜家园西区 南北通透两居室 老业主靠谱签约 中间楼层,89.04,旗胜家园,400.0,44923.0
霍营 · 紫金新干线二区 · 2室 · 1厅,92.9,紫金新干线,575.0,61894.0
地铁房 紫金书院!110平三室 特价668起! 人大fu中,111.0,紫金书院,708.0,63783.0
南北通透紫金新干线3室2厅精装修,129.0,紫金新干线,605.0,46899.0
西三旗 · 新康园 · 3室 · 1厅,92.4,新康园,450.0,48701.0
地铁房 紫金书院!110平三室 特价668起! 人大fu中,111.0,紫金书院,708.0,63783.0
"北京二手房买卖,服务费1万一单,有需要做的朋友联系",105.62,紫金新干线,610.0,57754.0
正南旗胜家园2室1厅,89.0,旗胜家园,330.0,37078.0
霍营华龙苑南里3室1厅,102.64,华龙苑南里,410.0,39945.0
2室2厅紫金新干线二区,87.99,紫金新干线,550.0,62507.0
西三旗·新康园·2室·1厅,88.74,新康园,319.0,35947.0
西三旗新康园平层大三居 西南向 满五,150.19,新康园,615.0,40948.0
霍营 天鑫家园 精装修三居室 南北通透 近地铁 诚心出售,97.65,天鑫家园二期,320.0,32770.0
旗胜家园西区 南北通透两居室 老业主靠谱签约 中间楼层,89.04,旗胜家园,400.0,44923.0
"北京二手房买卖,服务费1万一单,有需要做的朋友联系",60.69,华龙苑南里,239.0,39380.0
"小区二手房买卖,服务费1万一单,有需要的朋友联系",56.37,黄平路8号院,245.0,43462.0
"壹万帮办理二手房一切买卖流程,专业办理,安全可靠,资金监管",87.37,新康园,355.0,40631.0
霍营 天鑫家园 精装修三居室 南北通透 近地铁 诚心出售,97.65,天鑫家园二期,320.0,32770.0
精装修交付 回龙观高端改善盘 核心C位 三轨交汇 配套完善,146.0,紫金书院,929.0,63630.0
D14 -3单元-201,142.89,紫金书院,929.97,65082.0
西三旗·瑞旗家园·2室·1厅,88.98,旗胜家园,335.0,37648.0
华龙苑北里 电梯近地铁洋房 商满五 价钱合适,79.59,华龙苑北里,272.0,34175.0
新康园 101平 343万 司法房产 回龙观,101.39,新康园,343.0,33829.0
海淀西三旗·瑞旗家园·新上东南两居室 中间楼层 位置好,82.86,旗胜家园,360.0,43446.0
新上 旗胜家园东南一居室 中间位置 中间楼层 诚意出售 !,62.84,旗胜家园,315.0,50127.0
"二手房买卖代办所有手续,收费一万,资金监管,安全靠谱",89.04,华龙苑南里,340.0,38185.0
TBD云集中心、电梯次新小区、民水民电、原户型是两居室可恢复,83.91,TBD云集中心,329.0,39208.0
霍营·华龙苑南里·2室·1厅,60.68,华龙苑南里,240.0,39551.0
"瑞旗家园精装修商品房 满五低税费,南北通透两居室",88.68,旗胜家园,302.0,34055.0
精装修交付 回龙观高端改善盘 核心C位 三轨交汇 配套完善,146.0,紫金书院,929.0,63630.0
天鑫家园 18号线地铁 东西三居 采光视野无遮挡,97.5,天鑫家园二期,288.0,29538.0
旗胜家园 89平2居 南北向精装修 安静不临街,89.0,旗胜家园,320.0,35955.0
新上 瑞旗家园南区 视野采光嘎嘎好 看房随时,89.43,旗胜家园,330.0,36900.0
霍营·霍营小区·3室·1厅,56.56,霍营住宅小区,258.0,45615.0
"霍营·华龙苑南里·2室·1厅,有钥匙随时看房",75.05,华龙苑南里,176.0,23451.0
霍营·华龙苑南里·2室·1厅,71.28,华龙苑南里,202.0,28338.0
我有额外折扣)回龙观 地铁旁 精装科技洋房 随时看房,111.0,紫金书院,630.0,56756.0
霍营·旺龙花园·2室·1厅中央空调,106.57,旺龙花园,308.0,28901.0
"8和13号线霍营站,2009年电梯板楼,三面采光,成本低",90.5,旗胜家园,450.0,49723.0
霍营·华龙苑南里·2室·1厅,75.05,华龙苑南里,220.0,29313.0
霍营·华龙苑中里·2室·1厅,56.36,华龙苑中里,219.0,38857.0
华龙苑北里 电梯房 中间层 不临街安静舒适,90.86,华龙苑北里,368.0,40501.0
霍营·华龙苑中里·2室·1厅,56.36,华龙苑中里,219.0,38857.0
"霍营·华龙苑中里·1室·1厅,精装修",45.78,华龙苑中里,158.0,34512.0
霍营·华龙苑 南北通透 满五,105.28,华龙苑南里,269.0,25550.0
霍营双地铁 旗胜家园南北通透两居室中间楼层 商品房,90.01,旗胜家园,343.0,38106.0
新上 西三旗 旗胜家园 全南两居室 商品房 靠谱签约,88.24,旗胜家园,285.0,32298.0
"霍营地铁750米,满五 ,无遮挡不临街视野好",75.05,华龙苑南里,176.0,23451.0
霍营·天鑫家园·2室·1厅,83.84,天鑫家园二期,252.0,30057.0
"紫金新干线,两居两卫,一梯两户,南北通透",96.49,紫金新干线,399.0,41351.0
霍营·霍营小区·2室·1厅,60.27,霍营住宅小区,245.0,40650.0
"地铁13号霍营8号线回龙观,精装准现房,6层板楼洋房,教育尤",146.0,紫金书院,899.0,61575.0
新康园南北通透三居 满五 167平仅545万,167.31,新康园,545.0,32574.0
西三旗·瑞旗家园·3室·1厅,88.46,旗胜家园,320.0,36174.0
TBD云集中心 · 2室 · 1厅有钥匙随时看、次新电梯小区,89.98,TBD云集中心,329.0,36563.0
昌平西三旗 新康园三期 南北3室2厅低层,167.31,新康园,545.0,32574.0
"1万可办理二手房一切买卖流程无其他费用,安全可靠,资金监管",73.98,新康园,319.0,43119.0
"霍营·华龙苑中里·1室·1厅,精装修",45.78,华龙苑中里,158.0,34512.0
霍营·天鑫家园·5室·2厅,181.89,天鑫家园二期,536.0,29468.0
"霍营·华龙苑南里·2室·1厅,有钥匙随时看房",75.05,华龙苑南里,176.0,23451.0
"瑞旗家园精装修商品房 满五低税费,南北通透两居室",88.68,旗胜家园,302.0,34055.0
"新上西三旗·瑞旗家园·南向两居室 看房便利,靠谱签约",89.2,旗胜家园,299.0,33520.0
华龙苑北里 电梯近地铁洋房 商满五 价钱合适,79.59,华龙苑北里,272.0,34175.0
紫金新干线四期 中高层两居室 有商业 近地铁,84.5,紫金新干线,325.0,38461.0
新上霍营小区三居室 南北通透 中间楼层,68.15,霍营住宅小区,279.0,40939.0
新上 旗胜家园东南一居室 中间位置 中间楼层 诚意出售 !,62.84,旗胜家园,315.0,50127.0
新上 瑞旗家园 南北通透两居室 仅契税,88.5,旗胜家园,352.0,39774.0
旗胜家园 89平2居 南北向精装修 安静不临街,89.0,旗胜家园,320.0,35955.0
"8和13号线霍营站,2009年电梯板楼,三面采光,成本低",90.5,旗胜家园,450.0,49723.0
紫金一区 边户两居室 明厨明卫 挨着地铁18号线,89.32,紫金新干线,370.0,41424.0
新上 西三旗 旗胜家园 全南两居室 商品房 靠谱签约,88.24,旗胜家园,285.0,32298.0
"天鑫家园,03年,一居,地铁,商品房,公园房",44.87,天鑫家园二期,199.8,44528.0
霍营·华龙苑 南北通透 满五,105.28,华龙苑南里,269.0,25550.0
霍营·天鑫家园·2室·1厅,83.84,天鑫家园二期,252.0,30057.0
紫金新干线 162.03平4居 南北向精装修 方便看房,162.03,紫金新干线,880.0,54310.0
新上 西三旗·瑞旗家园·南北通透两居室 精装修 看房便利!,89.04,旗胜家园,350.0,39308.0
精装修交付 回龙观高端改善盘 核心C位 三轨交汇 配套完善,146.0,紫金书院,929.0,63630.0
TBD云集中心、电梯次新小区、民水民电、原户型是两居室可恢复,83.91,TBD云集中心,329.0,39208.0
新上 瑞旗家园南区 视野采光嘎嘎好 看房随时,89.43,旗胜家园,330.0,36900.0
昌平西三旗 新康园三期 南北3室2厅低层,167.31,新康园,545.0,32574.0
霍营双地铁 旗胜家园南北通透两居室中间楼层 商品房,90.01,旗胜家园,343.0,38106.0
霍营小区 70平 144万 司法房产 霍营,70.2,霍营小区,179.0,25498.0
"1万可办理二手房一切买卖流程无其他费用,安全可靠,资金监管",73.98,新康园,319.0,43119.0
西三旗·瑞旗家园·2室·1厅,88.98,旗胜家园,335.0,37648.0
北五环外昌平霍营 紫金书院! 靓妆交房 人大fu中,110.11,紫金书院,680.0,61756.0
新康园 101平 343万 司法房产 回龙观,101.39,新康园,343.0,33829.0
霍营·华龙苑南里·2室·1厅,75.05,华龙苑南里,220.0,29313.0
西三旗·瑞旗家园·3室·1厅,88.46,旗胜家园,320.0,36174.0
我有额外折扣)回龙观 地铁旁 精装科技洋房 随时看房,111.0,紫金书院,630.0,56756.0
西三旗·瑞旗家园·3室·1厅,88.46,旗胜家园,320.0,36174.0
"地铁13号霍营8号线回龙观,精装准现房,6层板楼洋房,教育尤",146.0,紫金书院,899.0,61575.0
大区优选好房 电梯三居室西三旗 瑞旗家园 仅契税 随时看房,89.65,旗胜家园,355.0,39598.0
D14 -3单元-201,142.89,紫金书院,929.97,65082.0
霍营·旺龙花园·2室·1厅,106.53,旺龙花园,318.0,29850.0
华龙苑北里 电梯房 中间层 不临街安静舒适,90.86,华龙苑北里,368.0,40501.0
新康园南北通透三居 满五 167平仅545万,167.31,新康园,545.0,32574.0
霍营·华龙苑中里·2室·1厅,55.38,华龙苑中里,220.0,39725.0
霍营·华龙苑 南北通透 满五,105.28,华龙苑南里,269.0,25550.0
我有额外折扣)回龙观 地铁旁 精装科技洋房 随时看房,146.0,紫金书院,920.0,63013.0
昌平 华龙苑南里 3室1厅,70.21,华龙苑南里,320.0,45578.0
昌平 旗胜家园 2室2厅,89.2,旗胜家园,358.0,40135.0
西三旗8号线霍营地铁站旁 旗胜家园 3室1厅 满五**,90.5,旗胜家园,430.0,47514.0
华龙苑中里2室1厅1卫南北朝向248.00万元/套出售,60.72,华龙苑中里,248.0,40843.0
新上 瑞旗家园南区 东南两居室 仅契税 采光视野无遮挡,83.19,旗胜家园,315.0,37865.0
海淀西三旗·瑞旗家园·新上东南两居室 中间楼层 位置好,82.86,旗胜家园,360.0,43446.0
霍营·华龙苑中里·2室·1厅,56.36,华龙苑中里,219.0,38857.0
霍营·华龙苑南里·2室·1厅,75.05,华龙苑南里,202.0,26915.0
霍营紫金新干线二区南北2室,87.99,紫金新干线,550.0,62507.0
霍营·华龙苑北里·2室·1厅,79.59,华龙苑北里,272.0,34175.0
"电梯三居,采光视野好,南北通透,落地窗,全明东户",129.83,紫金新干线,605.0,46600.0
霍营·华龙苑中里·2室·1厅公房不满二年,55.68,华龙苑中里,208.0,37356.0
新康园 2室1厅 北,88.74,新康园,319.0,35948.0
紫金新干线四区 3室2厅 东 南 西,123.16,紫金新干线,425.0,34508.0
霍营华龙苑南里3室1厅,102.64,华龙苑南里,410.0,39945.0
紫金新干线 2室1厅 南 北,89.24,紫金新干线,399.0,44711.0
紫金新干线二期 2室1厅 南 北,92.9,紫金新干线,575.0,61895.0
霍营小区 2室1厅 南 北,56.56,霍营住宅小区,258.0,45616.0
"华龙苑南里。楼层好,采光好,商品房满五唯一",85.4,华龙苑南里,320.0,37471.0
霍营·华龙苑南里·2室·1厅,75.05,华龙苑南里,220.0,29314.0
华龙苑北里特色大弧形阳台 采光好 居住舒适,87.11,华龙苑北里,430.0,49363.0
西三旗·新康园 1居 中间楼层 近地铁 13号线 8号线,67.2,新康园,259.0,38542.0
西三旗新康园电梯平层大三居 靠谱出售 满五唯一商品房,150.19,新康园,615.0,40949.0
霍营紫金新干线二区南北2室,87.99,紫金新干线,550.0,62507.0
霍营小区 2室1厅 南 北,56.56,霍营住宅小区,258.0,45616.0
霍营·紫金新干线·2室·1厅 得房率高 近地铁 近公园,82.31,紫金新干线,485.0,58924.0
紫金新干线四区 3室2厅 东 南 西,123.16,紫金新干线,425.0,34508.0
新康园 2室1厅 北,88.74,新康园,319.0,35948.0
紫金新干线二期 2室1厅 南 北,92.9,紫金新干线,575.0,61895.0
"地铁550米,电梯中层,采光视野好,2016年社区",84.5,紫金新干线,325.0,38462.0
霍营·华龙苑北里·2室·1厅,79.59,华龙苑北里,272.0,34175.0
华龙苑南里 2室1厅 东 北,75.05,华龙苑南里,202.0,26916.0
农垦学院家属楼近地铁低楼层南北通透的两居室,59.08,农垦学院家属楼,210.0,35546.0
西三旗 · 新康园 · 3室 · 1厅,92.4,新康园,450.0,48701.0
紫金新干线 2室2厅 南 北,96.49,紫金新干线,399.0,41352.0
霍营小区 2室1厅 南 北,60.27,霍营住宅小区,245.0,40651.0
华龙苑南里 3室1厅 南 北,85.7,华龙苑南里,270.0,31506.0
南北通透 紫金新干线 两居室 近地铁 电梯房 采光好,93.48,紫金新干线,525.0,56162.0
"五环豪华装修,8和13号线,网红楼盘,中间层",123.39,新康园,539.0,43683.0
紫金新干线 1室0厅 南,46.61,紫金新干线,269.0,57713.0
紫金新干线 4室1厅 南 北,150.79,紫金新干线,820.0,54381.0
天鑫家园 1室1厅 北,41.19,天鑫家园一期,210.0,50984.0
"商品房,满五年,近地铁,位置不临街不把边",83.84,天鑫家园一期,252.0,30058.0
霍营·华龙苑南里·2室·1厅,71.99,华龙苑南里,306.0,42506.0
紫金新干线四期 · 2室1厅 · 次新房 · 距离地铁近,71.12,紫金新干线,357.0,50197.0
霍营·紫金新干线二区·3室·2厅 次新房 得房率高 诚意出售,133.3,紫金新干线,720.0,54014.0
新干线家园一区 全南向开间 采光视野佳 近地铁,46.57,紫金新干线,315.0,67640.0
天鑫家园 1室1厅 北,41.19,天鑫家园一期,178.0,43215.0
王府街18号院 3室1厅 南 北,120.54,王府街18号院,199.0,16510.0
地铁13号A 霍营 紫金新干线四期 两居室 大客厅 次新房,74.99,紫金新干线,345.0,46006.0
"新康园电梯两居,西南朝向,诚心出售",101.82,新康园,465.0,45669.0
蓝天园 2室1厅 南 西 北,78.38,蓝天园,350.0,44655.0
紫金新干线二期 15年小区 全南两居 不临街,81.75,紫金新干线,490.0,59939.0
南北通透双阳台2室2卫带阳台 客厅主卧朝南洋房社区,97.48,华龙苑北里,429.0,44010.0
华龙苑南里 2室1厅 南 北,71.28,华龙苑南里,202.0,28339.0
紫金南北两居室 装修非常好 中高层采光好,89.43,紫金新干线,499.0,55798.0
回龙观 霍营 紫金二期 精装修 四居 满五唯一,162.03,紫金新干线,880.0,54311.0
"新康园满五年唯一,高楼层,采光好,带电梯",87.38,新康园,378.0,43260.0
紫金新干线 电梯中楼层 南北通透 不临街不把边,106.34,紫金新干线,529.0,49747.0
新康园 1室1厅 东南,73.72,新康园,299.0,40559.0
霍营·华龙苑南里·2室·1厅,71.28,华龙苑南里,310.0,43490.0
华龙苑北里 2室2厅 南 北,95.92,华龙苑北里,385.0,40138.0
蓝天园 2室1厅 南 北,63.56,蓝天园,246.0,38704.0
新康园 3室1厅 东南 北,116.01,新康园,465.0,40083.0
霍营 · 华龙苑南里 · 3室 · 1厅,105.28,华龙苑南里,390.0,37044.0
新康园 2室1厅 西南,101.39,新康园,446.0,43989.0
近地铁 小区中间位置 南北两居,63.56,蓝天园,220.0,34613.0
霍营·华龙苑南里·1室·1厅,53.25,华龙苑南里,235.0,44131.0
霍营·华龙苑南里·2室·1厅,71.28,华龙苑南里,299.0,41947.0
西三旗·新康园·2室·1厅,88.74,新康园,319.0,35948.0
黄平路8号院 2室1厅 南 北,68.57,黄平路8号院,270.0,39376.0
华龙苑南里 3室1厅 南 北,102.53,华龙苑南里,415.0,40476.0
紫金新干线二期 高层 眼镜户型大三居,135.56,紫金新干线,850.0,62703.0
霍营小区三居室 南北通透 采光好 业主诚意售,69.23,霍营住宅小区,355.0,51278.0
霍营·霍营小区·2室·1厅南北通透,59.6,霍营住宅小区,218.0,36577.0
黄平路8号院 近地铁 配套齐全 满五唯一,57.72,黄平路8号院,255.0,44179.0
"紫金新干线,全南向,电梯两居室,诚意出售,看房方便",82.31,紫金新干线,332.0,40335.0
沙河·龙樾华府·3室·2厅,219.63,北京城建龙樾华府,1280.0,58280.0
"新康园小三居,满五唯一,自住,靠谱卖",91.19,新康园,370.0,40575.0
霍营·华龙苑南里·2室·1厅,71.28,华龙苑南里,310.0,43490.0
首付90万-华龙苑小区-全明格局三居室-只有契税,75.76,华龙苑中里,300.0,39599.0
"新干线精装修电梯大两居,近地铁",98.91,紫金新干线,478.0,48327.0
华龙苑中里+2居室+近地铁(8号线和13号线),59.55,华龙苑中里,224.0,37616.0
霍营·华龙苑南里·2室·1厅,76.0,华龙苑南里,269.0,35395.0
华龙苑北里 2室1厅 南 北,89.95,华龙苑北里,360.0,40023.0
霍营·紫金新干线二区·3室·2厅 次新房 得房率高 诚意出售,133.3,紫金新干线,720.0,54014.0
紫金新干线四区,70.53,紫金新干线,275.0,38991.0
"霍营·华龙苑北里·4室·,上下两层,一个房本,两户",164.73,华龙苑北里,598.0,36302.0
华龙苑南里 3室1厅 南 北,102.64,华龙苑南里,410.0,39946.0
天鑫家园 2室1厅 东南,78.48,天鑫家园一期,248.0,31601.0
新康园 3室1厅 东南 北,116.01,新康园,465.0,40083.0
"电梯次顶层,精装两居,一梯两户",89.89,紫金新干线,462.0,51397.0
华龙苑中里 2室1厅 南 北,58.87,华龙苑中里,198.0,33634.0
霍营·慧龙居·3室·1厅南北通透,119.87,慧龙居,298.0,24860.0
紫金新干线四区 2室1厅 东 西,70.53,紫金新干线,229.0,32469.0
紫金新干线一区 两卧朝南户型 视野采光好,88.58,紫金新干线,520.0,58704.0
华龙苑北里 7室1厅 南 北,211.62,华龙苑北里,748.0,35347.0
"东临碣石,以观仓海 视野开阔 采光好 满五唯一",91.19,新康园,436.0,47813.0
新康园 1室1厅 北,67.2,新康园,270.0,40179.0
地铁13号A 霍营 紫金新干线四期 两居室 大客厅 次新房,74.99,紫金新干线,345.0,46006.0
新康园电梯房 主力户型 落地窗 靠谱卖 一居室,73.6,新康园,305.0,41441.0
霍营·紫金新干线二区·2室·1厅,91.45,紫金新干线,430.0,47020.0
新康园 3室2厅 西南,167.06,新康园,680.0,40704.0
华龙苑北里 电梯房 中间层 南北通透3居,119.03,华龙苑北里,480.0,40326.0
霍营 · 华龙苑南里 · 一居室 · 南北通透·采光好 ·,50.3,华龙苑南里,200.0,39761.0
"霍营·华龙苑南里·2室·1厅,有钥匙随时看房",75.05,华龙苑南里,186.0,24783.0
"2016年,新干线二期电梯两居",82.34,紫金新干线,430.0,52223.0
霍营·霍营小区·2室·1厅满五唯一,60.27,霍营住宅小区,198.0,32852.0
霍营 · 华龙苑南里 · 3室 · 1厅,105.28,华龙苑南里,390.0,37044.0
"新康园南向房,满五年唯一,带电梯采光好",74.12,新康园,350.0,47221.0
新上~大三居 | 电梯中高层 | 视野无遮挡,172.53,新康园,730.0,42311.0
华龙苑南里 3室1厅 南 北,77.08,华龙苑南里,265.0,34380.0
"商品房,满五年,近地铁,位置不临街不把边",83.84,天鑫家园一期,252.0,30058.0
新康园 1室1厅 北,67.2,新康园,275.0,40923.0
沙河·龙樾华府·5室·2厅,251.14,北京城建龙樾华府,1699.0,67652.0
"新康园电梯二居室,高楼层,采光好,视野好",87.37,新康园,330.0,37771.0
西三旗 · 新康园 · 3室 · 2厅,180.65,新康园,658.0,36424.0
紫金新干线 3室1厅 南 北,127.54,紫金新干线,711.0,55748.0
霍营·紫金新干线·3室·2厅 精装修 中高层 拎包入住,133.22,紫金新干线,716.0,53746.0
霍营·华龙苑中里·3室·1厅,67.73,华龙苑中里,222.9,32907.0
紫金新干线 2室1厅 南 北,89.49,紫金新干线,375.0,41905.0
霍营·霍营小区·2室·1厅南北通透,59.6,霍营住宅小区,218.0,36577.0
紫金新干线 3室2厅 南 北,135.75,紫金新干线,758.0,55838.0
新康园 3室2厅 东南,168.65,新康园,698.0,41388.0
华龙苑北里 2室1厅 东北,79.59,华龙苑北里,258.0,32417.0
"地铁550米,南北两居,采光视野好,2016年社区",88.2,紫金新干线,356.0,40363.0
霍营·华龙苑北里·5室·2厅,226.74,华龙苑北里,700.0,30872.0
回龙观 霍营 满五年唯一两居室,53.03,霍营住宅小区,168.0,31681.0
回龙观 霍营 华龙苑南里 中间楼层两居室,60.7,华龙苑南里,240.0,39539.0
霍营商圈 华龙苑中里 南北通透两居室,60.72,华龙苑中里,269.0,44302.0
农垦学院家属楼 南北通透 中间层 格局方正,85.62,农垦学院家属楼,390.0,45551.0
"09年商品房,板楼电梯商品房落地飘窗",106.11,紫金新干线,498.0,46933.0
回龙观 霍营 紫金新干线二期 眼镜户型三居 精装修,135.58,紫金新干线,759.0,55982.0
华龙苑南里 3室1厅 南 北 东,84.74,华龙苑南里,320.0,37763.0
紫金新干线二期 2室1厅 南,86.36,紫金新干线,480.0,55582.0
回龙观 霍营 紫金新干线二期 南北两居 满五唯一,88.24,紫金新干线,375.0,42498.0
霍营·天鑫家园·1室·1厅,67.04,天鑫家园一期,263.0,39230.0
"新康园板楼三居,满五年唯一商品房,采光好",95.28,新康园,475.0,49854.0
"西三旗·新康园·东向一居室,装修保养好,业主诚意出售",73.72,新康园,345.0,46799.0
华龙苑北里 电梯 两居室 南北通透,97.22,华龙苑北里,425.0,43715.0
新康园 3室2厅 西南,167.06,新康园,680.0,40704.0
华龙苑中里+2居室+近地铁(8号线和13号线),59.55,华龙苑中里,224.0,37616.0
高楼层 视野好 南北通透 规划中的地铁13号线A线回龙观东站,89.57,紫金新干线,495.0,55264.0
"新康园小三居,满五唯一,自住,靠谱卖",91.19,新康园,370.0,40575.0
新康园全南向两居 采光无遮挡 满五年,87.55,新康园,399.0,45574.0
霍营·紫金新干线·3室·2厅 精装修 中高层 拎包入住,133.22,紫金新干线,716.0,53746.0
霍营·华龙苑南里·2室·1厅,77.08,华龙苑南里,285.0,36975.0
华龙苑中里 2室1厅 南 北,87.17,华龙苑中里,310.0,35563.0
回龙观 霍营 紫金新干线二期 眼镜户型三居 精装修,135.58,紫金新干线,759.0,55982.0
紫金新干线二期 2室1厅 南,86.36,紫金新干线,480.0,55582.0
沙河·龙樾华府·3室·2厅,219.63,北京城建龙樾华府,1280.0,58280.0
华龙苑南里 3室1厅 南 北,77.08,华龙苑南里,265.0,34380.0
"新康园,格局方正大两居,视野采光好两居室,诚心出售",99.33,新康园,450.0,45304.0
霍营地铁750米70平2居东北向满五唯一不临街,75.05,华龙苑南里,176.0,23452.0
"电梯房 满五年一套住宅看房方便,业主自住产权清晰",87.38,新康园,537.0,61456.0
新康园电梯房 主力户型 落地窗 靠谱卖 一居室,73.6,新康园,305.0,41441.0
霍营 · 华龙苑北里 · 4室 · 2厅,164.8,华龙苑北里,600.0,36408.0
紫金新干线 2室1厅 南 北,106.11,紫金新干线,520.0,49006.0
紫金新干线四区,70.53,紫金新干线,275.0,38991.0
西三旗 · 新康园 · 2室 · 1厅,136.83,新康园,500.0,36542.0
王府街18号院 3室1厅 南 北,120.54,王府街18号院,199.0,16510.0
紫金新干线经典南北户型两居室.,89.43,紫金新干线,450.0,50319.0
2018次新 紫金四区 大两居室 近地铁13A 近商业,94.34,紫金新干线,340.0,36040.0
霍营 天鑫家园 精装修三居室 南北通透 近地铁 诚心出售,97.65,天鑫家园一期,320.0,32770.0
霍营·电梯商品房 两居两卫 户型好,95.92,华龙苑北里,450.0,46914.0
紫金新干线 3室2厅 南 北,136.33,紫金新干线,721.0,52887.0
西三旗·新康园·1室·1厅,69.32,新康园,280.0,40392.0
霍营 · 紫金新干线 ·南北通透 两居室 近公园,86.96,紫金新干线,355.0,40823.0
霍营优质两居室 商品房满五年 地铁双线交汇,70.21,华龙苑南里,290.0,41305.0
"3+4层上叠别墅,有私家电梯,可直达车位,不临街",219.63,北京城建龙樾华府,1280.0,58280.0
霍营·华龙苑南里·2室·1厅,76.0,华龙苑南里,269.0,35395.0
"华龙苑南北两居室,中间层,精装修",56.36,华龙苑中里,219.0,38858.0
电梯房两居室、临30万平霍营公园、15年电梯房,90.75,紫金新干线,430.0,47383.0
紫金新干线二期 2室1厅 南 北,89.23,紫金新干线,419.0,46958.0
霍营 · 紫金新干线四期 · 2室 · 1厅,72.01,紫金新干线,398.0,55270.0
新康园落地窗一居室 靠谱卖 没占用 小区自带小公园,73.72,新康园,288.0,39067.0
华龙苑南里 3室1厅 南 北,102.64,华龙苑南里,410.0,39946.0
华龙苑中里 2室2厅 南 北,76.2,华龙苑中里,280.0,36746.0
紫金新干线 2室1厅 南 北,86.96,紫金新干线,355.0,40824.0
回龙观 紫金新干线二期 南向两居 带电梯 满五唯一,83.02,紫金新干线,409.0,49266.0
紫金新干线四区 电梯高层优质2居 采光充足视野开阔,73.47,紫金新干线,245.0,33347.0
"09年商品房,板楼电梯商品房落地飘窗",106.11,紫金新干线,498.0,46933.0
"地铁口,正规三居,中间层,小区中间,业主诚信售卖",97.65,天鑫家园一期,316.0,32361.0
霍营·紫金新干线·4室·2厅,151.51,紫金新干线,880.0,58082.0
霍营·紫金新干线·2室·1厅,100.33,紫金新干线,620.0,61796.0
华龙苑北里 2室1厅 南 北,97.22,华龙苑北里,309.0,31784.0
霍营商圈 华龙苑中里 南北通透两居室,60.72,华龙苑中里,269.0,44302.0
"眼镜户型,中间层,小区中间,满五唯一,业主诚心售卖",137.01,天鑫家园一期,468.0,34159.0
华龙苑南里 2室1厅 南 北,71.99,华龙苑南里,272.0,37784.0
天鑫家园 户型好 南北通透户型 采光通风好,67.03,天鑫家园一期,289.0,43116.0
"电梯中层,采光视野好,南北通透,落地窗,地铁出行",127.96,紫金新干线,750.0,58613.0
霍营·华龙苑南里·1室·1厅,53.25,华龙苑南里,235.0,44131.0
新康园 3室1厅 东南 南,167.31,新康园,680.0,40644.0
霍营·华龙苑南里·3室·1厅,114.81,华龙苑南里,430.0,37453.0
华龙苑中里 3室1厅 南 北,71.56,华龙苑中里,300.0,41923.0
天鑫家园 1室1厅 北,41.19,天鑫家园一期,210.0,50984.0
新康园 2室2厅 南,136.83,新康园,540.0,39466.0
华龙苑北里 满五唯一 看房随时 不临街没遮挡,79.02,华龙苑北里,310.0,39231.0
天鑫家园 2室1厅 东南,78.48,天鑫家园一期,248.0,31601.0
华龙苑中里 1室1厅 南,45.78,华龙苑中里,158.0,34513.0
"新康园板楼三居,满五年唯一商品房,采光好",95.28,新康园,475.0,49854.0
紫金新干线四区,70.53,紫金新干线,275.0,38991.0
华龙苑北里 4室3厅 南 北,181.95,华龙苑北里,698.0,38363.0
"此房是商品房,房本满五年,中间楼层",96.57,华龙苑南里,375.0,38832.0
霍营·霍营小区·2室·1厅满五唯一,60.27,霍营住宅小区,198.0,32852.0
新康园 3室1厅 东南 北,116.01,新康园,465.0,40083.0
华龙苑北里 7室1厅 南 北,211.62,华龙苑北里,748.0,35347.0
南北通透双阳台2室2卫带阳台 客厅主卧朝南洋房社区,97.48,华龙苑北里,429.0,44010.0
"华龙苑中里南北通透,户型格局方正,中间位置,低楼层",59.98,华龙苑中里,240.0,40014.0
"新康园南向房,满五年唯一,带电梯采光好",74.12,新康园,350.0,47221.0
2005年6+7电梯复式 商品房满五唯一 采光好,180.23,华龙苑北里,692.0,38396.0
南北通透 紫金新干线两居室 近地铁 电梯房 采光好,88.03,紫金新干线,359.0,40782.0
精装电梯两居室 满五唯一商品房 近地铁 业主诚意出售,89.31,紫金新干线,469.0,52514.0
紫金新干线 3室2厅 南 北,132.49,紫金新干线,700.0,52835.0
"电梯次顶层,精装两居,一梯两户",89.89,紫金新干线,462.0,51397.0
紫金新干线 2室1厅 南 北,86.96,紫金新干线,355.0,40824.0
霍营小区 2室1厅 南 北,59.31,霍营住宅小区,238.0,40129.0
枫丹2号 2室1厅 西,64.01,枫丹2号,128.0,19997.0
北京城建·龙樾华府 3室3厅 南 北,212.21,北京城建龙樾华府,1200.0,56548.0
华龙苑南里 3室1厅 南 北,102.64,华龙苑南里,450.0,43843.0
紫金一区大两居双卫设计 满五唯一 南北通透 近地铁,107.73,紫金新干线,593.0,55045.0
紫金新干线二期 2室1厅 南,83.02,紫金新干线,478.0,57577.0
华龙苑南里 2室1厅 南 北,71.99,华龙苑南里,272.0,37784.0
诚意出售华龙苑南里自住精装修低楼层三居室,85.51,华龙苑南里,380.0,44440.0
"西三旗·新康园·东向一居室,装修保养好,业主诚意出售",73.72,新康园,345.0,46799.0
"华龙苑中里,通透格局,通风效果好,低楼层,出行方便",61.19,华龙苑中里,230.0,37588.0
"3+4层上叠别墅,有私家电梯,可直达车位,不临街",219.63,北京城建龙樾华府,1280.0,58280.0
华龙苑南里 2室1厅 南 北,70.21,华龙苑南里,320.0,45578.0
"新康园电梯南向三居,中间楼层,靠谱出售",150.21,新康园,660.0,43939.0
华龙苑南里 1室0厅 南,35.47,华龙苑南里,158.0,44545.0
华龙苑中里 2室1厅 南 北,60.72,华龙苑中里,278.0,45784.0
霍营·紫金新干线二区·2室·1厅,87.99,紫金新干线,498.0,56597.0
华龙苑南里 1室1厅 北 南,50.3,华龙苑南里,200.0,39762.0
"新康园电梯两居,西南朝向,诚心出售",101.82,新康园,465.0,45669.0
紫金新干线 2室1厅 南 北,106.11,紫金新干线,520.0,49006.0
中间楼层 南北通透 下楼就是地铁站,89.86,紫金新干线,505.0,56199.0
紫金新干线四区 2室1厅 南,73.4,紫金新干线,280.0,38148.0
紫金新干线 电梯三居室 不临街 高楼层 视野好,127.54,紫金新干线,711.0,55747.0
紫金新干线四区,71.62,紫金新干线,275.0,38398.0
新康园 1室1厅 北,67.2,新康园,270.0,40179.0
华龙苑北里 4室2厅 南 北,164.73,华龙苑北里,598.0,36302.0
霍营商圈 华龙苑中里 南北通透两居室,60.72,华龙苑中里,269.0,44302.0
华龙苑中里 3室1厅 南 北,86.78,华龙苑中里,350.0,40332.0
华龙苑中里 2室2厅 南 北,76.2,华龙苑中里,280.0,36746.0
"天鑫家园,03年,一居,地铁,商品房,公园房",44.87,天鑫家园一期,199.8,44529.0
霍营·霍营小区·2室·1厅南北通透,59.6,霍营住宅小区,218.0,36577.0
"200万装修下叠,私家电梯,次新,业主自住留了钥匙",245.61,北京城建龙樾华府,1550.0,63108.0
霍营 · 华龙苑南里 · 3室 · 1厅,105.28,华龙苑南里,390.0,37044.0
"霍营·华龙苑南里·3室·1厅,三个卧室朝南户型",102.53,华龙苑南里,415.0,40476.0
霍营 · 紫金新干线二区 · 2015次新 B20户型,92.9,紫金新干线,580.0,62433.0
北京城建·龙樾华府 4室3厅 南 北,215.21,北京城建龙樾华府,1180.0,54831.0
电梯房两居室、临30万平霍营公园、15年电梯房,90.75,紫金新干线,430.0,47383.0
枫丹2号 2室1厅 西,64.01,枫丹2号,135.0,21091.0
紫金新干线二期 2室1厅 南 北,89.23,紫金新干线,419.0,46958.0
2018次新 紫金四区 大两居室 近地铁13A 近商业,94.34,紫金新干线,340.0,36040.0
"2016年,新干线二期电梯两居",82.34,紫金新干线,430.0,52223.0
北京城建·龙樾华府 4室3厅 南 北,246.05,北京城建龙樾华府,1400.0,56900.0
王府街18号院 3室1厅 南 北,120.54,王府街18号院,199.0,16510.0
紫金新干线 2室1厅 南 北,106.11,紫金新干线,520.0,49006.0
回龙观 霍营 华龙苑南里 中间楼层两居室,60.7,华龙苑南里,240.0,39539.0
黄平路8号院地铁8号线往北南北两居室,60.89,黄平路8号院,242.0,39744.0
霍营·华龙苑中里·2室·1厅,60.72,华龙苑中里,182.0,29974.0
新康园 1室1厅 北,67.2,新康园,249.0,37054.0
枫丹2号 2室1厅 西,64.01,枫丹2号,128.0,19997.0
回龙观 紫金新干线二期 南向两居 带电梯 满五唯一,83.02,紫金新干线,409.0,49266.0
首付90万-华龙苑小区-全明格局三居室-只有契税,75.76,华龙苑中里,300.0,39599.0
华龙苑北里电梯复式,164.8,华龙苑北里,600.0,36408.0
农垦学院家属楼 2室1厅 南 北,54.43,农垦学院家属楼,270.0,49605.0
紫金新干线 3室2厅 南 北,135.75,紫金新干线,758.0,55838.0
华龙苑中里 2室2厅 南 北,76.2,华龙苑中里,280.0,36746.0
霍营·华龙苑南里·1室·1厅,53.25,华龙苑南里,235.0,44131.0
新康园 3室1厅 东南 南,167.31,新康园,680.0,40644.0
天鑫家园 2室1厅 东南,78.48,天鑫家园一期,248.0,31601.0
霍营 · 紫金新干线二区 ·B20户型 全明格局,93.5,紫金新干线,569.0,60856.0
霍营·华龙苑北里·5室·2厅,226.74,华龙苑北里,700.0,30872.0
华龙苑北里 电梯房 中间层 南北通透3居,119.03,华龙苑北里,480.0,40326.0
"新康园大复式,适合一大家人居住",303.83,新康园,998.0,32848.0
"眼镜户型,中间层,小区中间,满五唯一,业主诚心售卖",137.01,天鑫家园一期,510.0,37224.0
新康园 1室1厅 北,67.19,新康园,430.0,63998.0
华龙苑中里+2居室+近地铁(8号线和13号线),59.55,华龙苑中里,224.0,37616.0
华龙苑南里 1室0厅 南,35.47,华龙苑南里,158.0,44545.0
电梯房次顶层、临30万平霍营公园、15年电梯房。,86.28,紫金新干线,415.0,48100.0
回龙观 霍营 紫金新干线四期 两居室 中间层 近地铁,71.04,紫金新干线,299.0,42089.0
霍营 · 紫金新干线四期 · 2室 · 1厅,72.01,紫金新干线,398.0,55270.0
华龙苑北里 7室1厅 南 北,211.62,华龙苑北里,748.0,35347.0
新康园 3室2厅 北,91.19,新康园,435.0,47703.0
华龙苑北里 2室1厅 东北,79.59,华龙苑北里,258.0,32417.0
北京城建·龙樾华府 4室3厅 南 北,215.21,北京城建龙樾华府,1150.0,53437.0
霍营·紫金新干线四期·2室·1厅,73.85,紫金新干线,320.0,43331.0
"华龙苑南北两居室,中间层,精装修",56.36,华龙苑中里,219.0,38858.0
华龙苑北里 4室3厅 南 北,181.95,华龙苑北里,698.0,38363.0
蓝天园 2室1厅 南 北,63.56,蓝天园,246.0,38704.0
紫金新干线四区,70.53,紫金新干线,275.0,38991.0
紫金新干线二期 1室1厅 南,46.92,紫金新干线,285.0,60742.0
霍营小区 2室1厅 南 北,59.31,霍营住宅小区,238.0,40129.0
枫丹2号 1室1厅 南,42.83,枫丹2号,90.0,21014.0
新康园 2室1厅 西南,101.39,新康园,446.0,43989.0
"新康园南向房,满五年唯一,带电梯采光好",74.12,新康园,350.0,47221.0
新康园 1室1厅 东南,73.72,新康园,299.0,40559.0
霍营小区 3室1厅 南 北,68.15,霍营住宅小区,279.0,40940.0
新康园 3室2厅 西南,167.06,新康园,680.0,40704.0
西三旗 · 新康园 · 2室 · 1厅,136.83,新康园,500.0,36542.0
"新康园满五唯一两居,电梯中间楼层",87.38,新康园,530.0,60655.0
华龙苑南里 2室1厅 南,68.97,华龙苑南里,270.0,39148.0
"电梯次顶层,精装两居,一梯两户",89.89,紫金新干线,462.0,51397.0
紫金新干线四区 2室1厅 西 南,94.34,紫金新干线,280.0,29680.0
华龙苑中里 2室1厅 南 北,87.17,华龙苑中里,310.0,35563.0
霍营站8+13号线!南向正规一居室!采光好!配套齐全,56.22,SOCO公社,130.0,23123.0
"东临碣石,以观仓海 视野开阔 采光好 满五唯一",91.19,新康园,436.0,47813.0
霍营 天鑫家园 精装修三居室 南北通透 近地铁 诚心出售,97.65,天鑫家园一期,320.0,32770.0
天鑫家园 3室2厅 东 西,97.5,天鑫家园一期,288.0,29539.0
【聚焦】霍营小区 2室1厅 南北通透 婚房精装修,66.18,霍营住宅小区,283.0,42763.0
"新康园小区,西南朝向,精装大两居,看房方便",109.46,新康园,500.0,45679.0
华龙苑南里 1室1厅 南 北,50.3,华龙苑南里,205.0,40756.0
紫金新干线 2室1厅 南 北 西,89.32,紫金新干线,370.0,41425.0
北京城建·龙樾华府 4室2厅 南 北,214.65,北京城建龙樾华府,1370.0,63825.0
蓝天园 两居室 中间层 明厨明卫,78.38,蓝天园,313.0,39934.0
霍营·霍营小区·2室·1厅满五唯一,60.27,霍营住宅小区,198.0,32852.0
新康园 1室1厅 北,67.2,新康园,249.0,37054.0
华龙苑南里 3室1厅 南 北,102.64,华龙苑南里,450.0,43843.0
"新康园满五唯一两居,电梯中间楼层",87.38,新康园,530.0,60655.0
电梯房次顶层、临30万平霍营公园、15年电梯房。,86.28,紫金新干线,415.0,48100.0
华龙苑中里 3室1厅 南 北,71.56,华龙苑中里,300.0,41923.0
霍营·霍营小区·2室·1厅满五唯一,60.27,霍营住宅小区,198.0,32852.0
"新康园板楼三居,满五年唯一商品房,采光好",95.28,新康园,475.0,49854.0
华龙苑北里电梯复式,164.8,华龙苑北里,600.0,36408.0
黄平路8号院 2室1厅 南 北,68.57,黄平路8号院,270.0,39376.0
天鑫家园 1室1厅 南 北,65.06,天鑫家园一期,192.0,29512.0
西三旗·新康园·1室·1厅,69.32,新康园,280.0,40392.0
华龙苑南里 3室1厅 南 北,105.28,华龙苑南里,269.0,25551.0
华龙苑南里 2室1厅 南,68.97,华龙苑南里,270.0,39148.0
华龙苑北里 电梯 两居室 南北通透,97.22,华龙苑北里,425.0,43715.0
回龙观 紫金新干线二期 南向两居 带电梯 满五唯一,83.02,紫金新干线,409.0,49266.0
霍营 · 紫金新干线四期 · 2室 · 1厅,70.6,紫金新干线,266.0,37677.0
华龙苑北里 电梯房 中间层 南北通透3居,119.03,华龙苑北里,480.0,40326.0
农垦学院家属楼 南北通透 中间层 格局方正,85.62,农垦学院家属楼,390.0,45551.0
紫金新干线二期 3室2厅 南 北,134.19,紫金新干线,699.0,52091.0
霍营·天鑫家园·1室·1厅 近地铁 户型好 低楼层,65.06,天鑫家园一期,205.0,31509.0
霍营·电梯商品房 两居两卫 户型好,95.92,华龙苑北里,450.0,46914.0
蓝天园 2室1厅 南 北,63.56,蓝天园,246.0,38704.0
"华龙苑中里南北通透,户型格局方正,中间位置,低楼层",59.98,华龙苑中里,240.0,40014.0
"华龙苑中里,通透格局,通风效果好,低楼层,出行方便",61.19,华龙苑中里,230.0,37588.0
天鑫家园 3室2厅 东 西,97.5,天鑫家园一期,288.0,29539.0
"复式结构,华龙苑中里,靠近地铁",149.94,华龙苑中里,409.0,27278.0
紫金新干线一区 两卧朝南户型 视野采光好,88.58,紫金新干线,520.0,58704.0
"地铁口,正规三居,中间层,小区中间,业主诚信售卖",97.65,天鑫家园一期,316.0,32361.0
"新干线精装修电梯大两居,近地铁",98.91,紫金新干线,478.0,48327.0
霍营 · 华龙苑南里 · 一居室 · 南北通透·采光好 ·,50.3,华龙苑南里,200.0,39761.0
紫金新干线 3室1厅 南 北,132.87,紫金新干线,650.0,48920.0
霍营·紫金新干线·1室·1厅,46.04,紫金新干线,209.0,45395.0
紫金新干线二期 2室1厅 南 北,89.23,紫金新干线,419.0,46958.0
霍营·紫金新干线四期·2室·1厅,73.85,紫金新干线,320.0,43331.0
紫金新干线经典南北户型两居室.,89.43,紫金新干线,450.0,50319.0
【黄平路8号院】| 北京市昌平区回龙观镇黄平路8号院4号楼6单元612号(实际坐落位于北京市昌平区回龙观镇黄平路8号院2号楼6单元612号)房屋,55.54,黄平路8号院,174.0,31329.0
